DNA	Codon	Anticodon	AminoAcid	Symbol	Fullname
TTT	UUU	AAA	Phe	F	Phenylalanine
TTC	UUC	GAA	Phe	F	Phenylalanine
TTA	UUA	UAA	Leu	L	Leucine
TTG	UUG	CAA	Leu	L	Leucine
CTT	CUU	AAG	Leu	L	Leucine
CTC	CUC	GAG	Leu	L	Leucine
CTA	CUA	UAG	Leu	L	Leucine
CTG	CUG	CAG	Leu	L	Leucine
ATT	AUU	AAU	Ile	I	Isoleucine
ATC	AUC	GAU	Ile	I	Isoleucine
ATA	AUA	UAU	Ile	I	Isoleucine
ATG	AUG	CAU	Met	M	Methionine
GTT	GUU	AAC	Val	V	Valine
GTC	GUC	GAC	Val	V	Valine
GTA	GUA	UAC	Val	V	Valine
GTG	GUG	CAC	Val	V	Valine
TCT	UCU	AGA	Ser	S	Serine
TCC	UCC	GGA	Ser	S	Serine
TCA	UCA	UGA	Ser	S	Serine
TCG	UCG	CGA	Ser	S	Serine
CCT	CCU	AGG	Pro	P	Proline
CCC	CCC	GGG	Pro	P	Proline
CCA	CCA	UGG	Pro	P	Proline
CCG	CCG	CGG	Pro	P	Proline
ACT	ACU	AGU	Thr	T	Threonine
ACC	ACC	GGU	Thr	T	Threonine
ACA	ACA	UGU	Thr	T	Threonine
ACG	ACG	CGU	Thr	T	Threonine
GCT	GCU	AGC	Ala	A	Alanine
GCC	GCC	GGC	Ala	A	Alanine
GCA	GCA	UGC	Ala	A	Alanine
GCG	GCG	CGC	Ala	A	Alanine
TAT	UAU	AUA	Tyr	Y	Tyrosine
TAC	UAC	GUA	Tyr	Y	Tyrosine
TAA	UAA	UUA	Stop	-	Ochre
TAG	UAG	CUA	Stop	-	Amber
CAT	CAU	AUG	His	H	Histidine
CAC	CAC	GUG	His	H	Histidine
CAA	CAA	UUG	Gln	Q	Glutamine
CAG	CAG	CUG	Gln	Q	Glutamine
AAT	AAU	AUU	Asn	N	Asparagine
AAC	AAC	GUU	Asn	N	Asparagine
AAA	AAA	UUU	Lys	K	Lysine
AAG	AAG	CUU	Lys	K	Lysine
GAT	GAU	AUC	Asp	D	Aspartic acid
GAC	GAC	GUC	Asp	D	Aspartic acid
GAA	GAA	UUC	Glu	E	Glutamic acid
GAG	GAG	CUC	Glu	E	Glutamic acid
TGT	UGU	ACA	Cys	C	Cysteine
TGC	UGC	GCA	Cys	C	Cysteine
TGA	UGA	UCA	Stop	-	Opal
TGG	UGG	CCA	Trp	W	Tryptophan
CGT	CGU	ACG	Arg	R	Arginine
CGC	CGC	GCG	Arg	R	Arginine
CGA	CGA	UCG	Arg	R	Arginine
CGG	CGG	CCG	Arg	R	Arginine
AGT	AGU	ACU	Ser	S	Serine
AGC	AGC	GCU	Ser	S	Serine
AGA	AGA	UCU	Arg	R	Arginine
AGG	AGG	CCU	Arg	R	Arginine
GGT	GGU	ACC	Gly	G	Glycine
GGC	GGC	GCC	Gly	G	Glycine
GGA	GGA	UCC	Gly	G	Glycine
GGG	GGG	CCC	Gly	G	Glycine
